src\blowfish.c,src\ascii.h
src\blowfish.c,src\feature.h
src\blowfish.c,src\message.c
src\blowfish.c,src\misc2.c
src\blowfish.c,src\sha256.c
src\blowfish.c,src\vim.h
src\buffer.c,src\ascii.h
src\buffer.c,src\charset.c
src\buffer.c,src\diff.c
src\buffer.c,src\eval.c
src\buffer.c,src\ex_cmds.c
src\buffer.c,src\ex_cmds.h
src\buffer.c,src\ex_cmds2.c
src\buffer.c,src\ex_docmd.c
src\buffer.c,src\ex_eval.c
src\buffer.c,src\ex_getln.c
src\buffer.c,src\feature.h
src\buffer.c,src\fileio.c
src\buffer.c,src\fold.c
src\buffer.c,src\getchar.c
src\buffer.c,src\globals.h
src\buffer.c,src\hashtab.c
src\buffer.c,src\macros.h
src\buffer.c,src\main.c
src\buffer.c,src\mark.c
src\buffer.c,src\memline.c
src\buffer.c,src\message.c
src\buffer.c,src\misc1.c
src\buffer.c,src\misc2.c
src\buffer.c,src\move.c
src\buffer.c,src\option.c
src\buffer.c,src\option.h
src\buffer.c,src\os_unix.c
src\buffer.c,src\quickfix.c
src\buffer.c,src\regexp.c
src\buffer.c,src\regexp.h
src\buffer.c,src\screen.c
src\buffer.c,src\spell.c
src\buffer.c,src\structs.h
src\buffer.c,src\syntax.c
src\buffer.c,src\term.c
src\buffer.c,src\ui.c
src\buffer.c,src\undo.c
src\buffer.c,src\version.h
src\buffer.c,src\vim.h
src\buffer.c,src\window.c
src\charset.c,src\ascii.h
src\charset.c,src\feature.h
src\charset.c,src\keymap.h
src\charset.c,src\macros.h
src\charset.c,src\memline.c
src\charset.c,src\misc1.c
src\charset.c,src\misc2.c
src\charset.c,src\move.c
src\charset.c,src\option.h
src\charset.c,src\os_amiga.c
src\charset.c,src\structs.h
src\charset.c,src\vim.h
src\diff.c,src\ascii.h
src\diff.c,src\buffer.c
src\diff.c,src\charset.c
src\diff.c,src\eval.c
src\diff.c,src\ex_cmds.c
src\diff.c,src\ex_cmds.h
src\diff.c,src\ex_docmd.c
src\diff.c,src\feature.h
src\diff.c,src\fileio.c
src\diff.c,src\fold.c
src\diff.c,src\macros.h
src\diff.c,src\mark.c
src\diff.c,src\memline.c
src\diff.c,src\message.c
src\diff.c,src\misc1.c
src\diff.c,src\misc2.c
src\diff.c,src\move.c
src\diff.c,src\normal.c
src\diff.c,src\option.c
src\diff.c,src\option.h
src\diff.c,src\os_riscos.c
src\diff.c,src\screen.c
src\diff.c,src\structs.h
src\diff.c,src\undo.c
src\diff.c,src\vim.h
src\diff.c,src\window.c
src\digraph.c,src\ascii.h
src\digraph.c,src\charset.c
src\digraph.c,src\ex_getln.c
src\digraph.c,src\feature.h
src\digraph.c,src\getchar.c
src\digraph.c,src\keymap.h
src\digraph.c,src\macros.h
src\digraph.c,src\message.c
src\digraph.c,src\misc2.c
src\digraph.c,src\normal.c
src\digraph.c,src\option.h
src\digraph.c,src\os_unix.c
src\digraph.c,src\structs.h
src\digraph.c,src\ui.c
src\digraph.c,src\vim.h
src\dosinst.c,src\dosinst.h
src\dosinst.c,src\os_win32.c
src\dosinst.c,src\version.h
src\dosinst.h,src\version.h
src\dosinst.h,src\vimio.h
src\edit.c,src\ascii.h
src\edit.c,src\buffer.c
src\edit.c,src\charset.c
src\edit.c,src\digraph.c
src\edit.c,src\eval.c
src\edit.c,src\ex_docmd.c
src\edit.c,src\ex_getln.c
src\edit.c,src\feature.h
src\edit.c,src\fileio.c
src\edit.c,src\fold.c
src\edit.c,src\getchar.c
src\edit.c,src\globals.h
src\edit.c,src\keymap.h
src\edit.c,src\macros.h
src\edit.c,src\memline.c
src\edit.c,src\message.c
src\edit.c,src\misc1.c
src\edit.c,src\misc2.c
src\edit.c,src\move.c
src\edit.c,src\normal.c
src\edit.c,src\ops.c
src\edit.c,src\option.c
src\edit.c,src\option.h
src\edit.c,src\os_unix.c
src\edit.c,src\popupmnu.c
src\edit.c,src\quickfix.c
src\edit.c,src\regexp.c
src\edit.c,src\regexp.h
src\edit.c,src\screen.c
src\edit.c,src\search.c
src\edit.c,src\spell.c
src\edit.c,src\structs.h
src\edit.c,src\syntax.c
src\edit.c,src\tag.c
src\edit.c,src\term.c
src\edit.c,src\ui.c
src\edit.c,src\undo.c
src\edit.c,src\vim.h
src\edit.c,src\window.c
src\eval.c,src\ascii.h
src\eval.c,src\buffer.c
src\eval.c,src\charset.c
src\eval.c,src\diff.c
src\eval.c,src\edit.c
src\eval.c,src\ex_cmds.c
src\eval.c,src\ex_cmds.h
src\eval.c,src\ex_cmds2.c
src\eval.c,src\ex_docmd.c
src\eval.c,src\ex_eval.c
src\eval.c,src\ex_getln.c
src\eval.c,src\feature.h
src\eval.c,src\fileio.c
src\eval.c,src\fold.c
src\eval.c,src\getchar.c
src\eval.c,src\globals.h
src\eval.c,src\hashtab.c
src\eval.c,src\keymap.h
src\eval.c,src\macros.h
src\eval.c,src\mark.c
src\eval.c,src\memline.c
src\eval.c,src\message.c
src\eval.c,src\misc1.c
src\eval.c,src\misc2.c
src\eval.c,src\move.c
src\eval.c,src\normal.c
src\eval.c,src\ops.c
src\eval.c,src\option.c
src\eval.c,src\os_amiga.c
src\eval.c,src\os_riscos.c
src\eval.c,src\os_unix.c
src\eval.c,src\popupmnu.c
src\eval.c,src\quickfix.c
src\eval.c,src\regexp.c
src\eval.c,src\regexp.h
src\eval.c,src\screen.c
src\eval.c,src\search.c
src\eval.c,src\spell.c
src\eval.c,src\structs.h
src\eval.c,src\syntax.c
src\eval.c,src\tag.c
src\eval.c,src\term.c
src\eval.c,src\ui.c
src\eval.c,src\undo.c
src\eval.c,src\version.c
src\eval.c,src\version.h
src\eval.c,src\vim.h
src\eval.c,src\window.c
src\ex_cmds.c,src\ascii.h
src\ex_cmds.c,src\buffer.c
src\ex_cmds.c,src\charset.c
src\ex_cmds.c,src\diff.c
src\ex_cmds.c,src\edit.c
src\ex_cmds.c,src\eval.c
src\ex_cmds.c,src\ex_cmds.h
src\ex_cmds.c,src\ex_cmds2.c
src\ex_cmds.c,src\ex_docmd.c
src\ex_cmds.c,src\ex_eval.c
src\ex_cmds.c,src\ex_getln.c
src\ex_cmds.c,src\feature.h
src\ex_cmds.c,src\fileio.c
src\ex_cmds.c,src\fold.c
src\ex_cmds.c,src\getchar.c
src\ex_cmds.c,src\globals.h
src\ex_cmds.c,src\macros.h
src\ex_cmds.c,src\main.c
src\ex_cmds.c,src\mark.c
src\ex_cmds.c,src\memline.c
src\ex_cmds.c,src\message.c
src\ex_cmds.c,src\misc1.c
src\ex_cmds.c,src\misc2.c
src\ex_cmds.c,src\move.c
src\ex_cmds.c,src\normal.c
src\ex_cmds.c,src\ops.c
src\ex_cmds.c,src\option.c
src\ex_cmds.c,src\option.h
src\ex_cmds.c,src\os_amiga.c
src\ex_cmds.c,src\os_riscos.c
src\ex_cmds.c,src\os_unix.c
src\ex_cmds.c,src\quickfix.c
src\ex_cmds.c,src\regexp.c
src\ex_cmds.c,src\regexp.h
src\ex_cmds.c,src\screen.c
src\ex_cmds.c,src\search.c
src\ex_cmds.c,src\spell.c
src\ex_cmds.c,src\structs.h
src\ex_cmds.c,src\syntax.c
src\ex_cmds.c,src\tag.c
src\ex_cmds.c,src\term.c
src\ex_cmds.c,src\ui.c
src\ex_cmds.c,src\undo.c
src\ex_cmds.c,src\version.h
src\ex_cmds.c,src\vim.h
src\ex_cmds.c,src\window.c
src\ex_cmds.h,src\feature.h
src\ex_cmds.h,src\structs.h
src\ex_cmds.h,src\vim.h
src\ex_cmds2.c,src\ascii.h
src\ex_cmds2.c,src\buffer.c
src\ex_cmds2.c,src\charset.c
src\ex_cmds2.c,src\eval.c
src\ex_cmds2.c,src\ex_cmds.c
src\ex_cmds2.c,src\ex_cmds.h
src\ex_cmds2.c,src\ex_docmd.c
src\ex_cmds2.c,src\ex_eval.c
src\ex_cmds2.c,src\ex_getln.c
src\ex_cmds2.c,src\feature.h
src\ex_cmds2.c,src\fileio.c
src\ex_cmds2.c,src\getchar.c
src\ex_cmds2.c,src\globals.h
src\ex_cmds2.c,src\keymap.h
src\ex_cmds2.c,src\macros.h
src\ex_cmds2.c,src\mark.c
src\ex_cmds2.c,src\message.c
src\ex_cmds2.c,src\misc1.c
src\ex_cmds2.c,src\misc2.c
src\ex_cmds2.c,src\move.c
src\ex_cmds2.c,src\normal.c
src\ex_cmds2.c,src\option.c
src\ex_cmds2.c,src\option.h
src\ex_cmds2.c,src\os_amiga.c
src\ex_cmds2.c,src\os_unix.c
src\ex_cmds2.c,src\quickfix.c
src\ex_cmds2.c,src\regexp.c
src\ex_cmds2.c,src\regexp.h
src\ex_cmds2.c,src\screen.c
src\ex_cmds2.c,src\structs.h
src\ex_cmds2.c,src\term.c
src\ex_cmds2.c,src\term.h
src\ex_cmds2.c,src\undo.c
src\ex_cmds2.c,src\version.h
src\ex_cmds2.c,src\vim.h
src\ex_cmds2.c,src\window.c
src\ex_docmd.c,src\ascii.h
src\ex_docmd.c,src\blowfish.c
src\ex_docmd.c,src\buffer.c
src\ex_docmd.c,src\charset.c
src\ex_docmd.c,src\digraph.c
src\ex_docmd.c,src\dosinst.h
src\ex_docmd.c,src\edit.c
src\ex_docmd.c,src\eval.c
src\ex_docmd.c,src\ex_cmds.c
src\ex_docmd.c,src\ex_cmds.h
src\ex_docmd.c,src\ex_cmds2.c
src\ex_docmd.c,src\ex_eval.c
src\ex_docmd.c,src\ex_getln.c
src\ex_docmd.c,src\feature.h
src\ex_docmd.c,src\fileio.c
src\ex_docmd.c,src\fold.c
src\ex_docmd.c,src\getchar.c
src\ex_docmd.c,src\globals.h
src\ex_docmd.c,src\keymap.h
src\ex_docmd.c,src\macros.h
src\ex_docmd.c,src\main.c
src\ex_docmd.c,src\mark.c
src\ex_docmd.c,src\memline.c
src\ex_docmd.c,src\menu.c
src\ex_docmd.c,src\message.c
src\ex_docmd.c,src\misc1.c
src\ex_docmd.c,src\misc2.c
src\ex_docmd.c,src\move.c
src\ex_docmd.c,src\normal.c
src\ex_docmd.c,src\ops.c
src\ex_docmd.c,src\option.c
src\ex_docmd.c,src\option.h
src\ex_docmd.c,src\os_amiga.c
src\ex_docmd.c,src\os_unix.c
src\ex_docmd.c,src\quickfix.c
src\ex_docmd.c,src\regexp.c
src\ex_docmd.c,src\regexp.h
src\ex_docmd.c,src\screen.c
src\ex_docmd.c,src\search.c
src\ex_docmd.c,src\structs.h
src\ex_docmd.c,src\syntax.c
src\ex_docmd.c,src\tag.c
src\ex_docmd.c,src\term.c
src\ex_docmd.c,src\term.h
src\ex_docmd.c,src\ui.c
src\ex_docmd.c,src\undo.c
src\ex_docmd.c,src\vim.h
src\ex_docmd.c,src\window.c
src\ex_eval.c,src\ascii.h
src\ex_eval.c,src\charset.c
src\ex_eval.c,src\eval.c
src\ex_eval.c,src\ex_cmds.h
src\ex_eval.c,src\ex_cmds2.c
src\ex_eval.c,src\ex_docmd.c
src\ex_eval.c,src\feature.h
src\ex_eval.c,src\macros.h
src\ex_eval.c,src\message.c
src\ex_eval.c,src\misc2.c
src\ex_eval.c,src\os_unix.c
src\ex_eval.c,src\regexp.c
src\ex_eval.c,src\regexp.h
src\ex_eval.c,src\structs.h
src\ex_eval.c,src\vim.h
src\ex_getln.c,src\ascii.h
src\ex_getln.c,src\buffer.c
src\ex_getln.c,src\charset.c
src\ex_getln.c,src\digraph.c
src\ex_getln.c,src\edit.c
src\ex_getln.c,src\eval.c
src\ex_getln.c,src\ex_cmds.c
src\ex_getln.c,src\ex_cmds.h
src\ex_getln.c,src\ex_docmd.c
src\ex_getln.c,src\ex_eval.c
src\ex_getln.c,src\feature.h
src\ex_getln.c,src\fileio.c
src\ex_getln.c,src\getchar.c
src\ex_getln.c,src\globals.h
src\ex_getln.c,src\keymap.h
src\ex_getln.c,src\macros.h
src\ex_getln.c,src\main.c
src\ex_getln.c,src\memline.c
src\ex_getln.c,src\message.c
src\ex_getln.c,src\misc1.c
src\ex_getln.c,src\misc2.c
src\ex_getln.c,src\move.c
src\ex_getln.c,src\ops.c
src\ex_getln.c,src\option.c
src\ex_getln.c,src\option.h
src\ex_getln.c,src\os_amiga.c
src\ex_getln.c,src\os_unix.c
src\ex_getln.c,src\regexp.c
src\ex_getln.c,src\regexp.h
src\ex_getln.c,src\screen.c
src\ex_getln.c,src\search.c
src\ex_getln.c,src\structs.h
src\ex_getln.c,src\syntax.c
src\ex_getln.c,src\tag.c
src\ex_getln.c,src\term.c
src\ex_getln.c,src\term.h
src\ex_getln.c,src\vim.h
src\ex_getln.c,src\window.c
src\farsi.c,src\edit.c
src\farsi.c,src\ex_docmd.c
src\farsi.c,src\ex_getln.c
src\farsi.c,src\getchar.c
src\farsi.c,src\memline.c
src\farsi.c,src\misc1.c
src\farsi.c,src\misc2.c
src\farsi.c,src\screen.c
src\fileio.c,src\ascii.h
src\fileio.c,src\blowfish.c
src\fileio.c,src\buffer.c
src\fileio.c,src\charset.c
src\fileio.c,src\diff.c
src\fileio.c,src\edit.c
src\fileio.c,src\eval.c
src\fileio.c,src\ex_cmds.c
src\fileio.c,src\ex_cmds.h
src\fileio.c,src\ex_docmd.c
src\fileio.c,src\ex_eval.c
src\fileio.c,src\feature.h
src\fileio.c,src\fold.c
src\fileio.c,src\getchar.c
src\fileio.c,src\globals.h
src\fileio.c,src\hashtab.c
src\fileio.c,src\macros.h
src\fileio.c,src\memfile.c
src\fileio.c,src\memline.c
src\fileio.c,src\message.c
src\fileio.c,src\misc1.c
src\fileio.c,src\misc2.c
src\fileio.c,src\move.c
src\fileio.c,src\option.c
src\fileio.c,src\option.h
src\fileio.c,src\os_amiga.c
src\fileio.c,src\os_riscos.c
src\fileio.c,src\os_unix.c
src\fileio.c,src\os_win32.c
src\fileio.c,src\quickfix.c
src\fileio.c,src\regexp.c
src\fileio.c,src\regexp.h
src\fileio.c,src\screen.c
src\fileio.c,src\search.c
src\fileio.c,src\sha256.c
src\fileio.c,src\structs.h
src\fileio.c,src\term.c
src\fileio.c,src\term.h
src\fileio.c,src\ui.c
src\fileio.c,src\undo.c
src\fileio.c,src\vim.h
src\fileio.c,src\window.c
src\fold.c,src\ascii.h
src\fold.c,src\charset.c
src\fold.c,src\diff.c
src\fold.c,src\eval.c
src\fold.c,src\ex_docmd.c
src\fold.c,src\feature.h
src\fold.c,src\globals.h
src\fold.c,src\macros.h
src\fold.c,src\mark.c
src\fold.c,src\memline.c
src\fold.c,src\message.c
src\fold.c,src\misc1.c
src\fold.c,src\misc2.c
src\fold.c,src\move.c
src\fold.c,src\option.c
src\fold.c,src\os_unix.c
src\fold.c,src\screen.c
src\fold.c,src\structs.h
src\fold.c,src\syntax.c
src\fold.c,src\undo.c
src\fold.c,src\vim.h
src\getchar.c,src\ascii.h
src\getchar.c,src\charset.c
src\getchar.c,src\edit.c
src\getchar.c,src\eval.c
src\getchar.c,src\ex_docmd.c
src\getchar.c,src\ex_getln.c
src\getchar.c,src\feature.h
src\getchar.c,src\globals.h
src\getchar.c,src\keymap.h
src\getchar.c,src\macros.h
src\getchar.c,src\memline.c
src\getchar.c,src\message.c
src\getchar.c,src\misc1.c
src\getchar.c,src\misc2.c
src\getchar.c,src\move.c
src\getchar.c,src\normal.c
src\getchar.c,src\ops.c
src\getchar.c,src\option.c
src\getchar.c,src\option.h
src\getchar.c,src\os_unix.c
src\getchar.c,src\regexp.c
src\getchar.c,src\screen.c
src\getchar.c,src\structs.h
src\getchar.c,src\term.c
src\getchar.c,src\ui.c
src\getchar.c,src\undo.c
src\getchar.c,src\vim.h
src\globals.h,src\ascii.h
src\globals.h,src\feature.h
src\globals.h,src\term.h
src\globals.h,src\vim.h
src\gui.c,src\ascii.h
src\gui.c,src\buffer.c
src\gui.c,src\charset.c
src\gui.c,src\ex_cmds.h
src\gui.c,src\ex_cmds2.c
src\gui.c,src\ex_docmd.c
src\gui.c,src\feature.h
src\gui.c,src\fileio.c
src\gui.c,src\getchar.c
src\gui.c,src\globals.h
src\gui.c,src\gui_motif.c
src\gui.c,src\gui_photon.c
src\gui.c,src\keymap.h
src\gui.c,src\macros.h
src\gui.c,src\main.c
src\gui.c,src\memline.c
src\gui.c,src\message.c
src\gui.c,src\misc1.c
src\gui.c,src\misc2.c
src\gui.c,src\move.c
src\gui.c,src\option.c
src\gui.c,src\option.h
src\gui.c,src\popupmnu.c
src\gui.c,src\structs.h
src\gui.c,src\term.c
src\gui.c,src\term.h
src\gui.c,src\ui.c
src\gui.c,src\vim.h
src\gui.c,src\window.c
src\gui_at_fs.c,src\vim.h
src\gui_at_sb.c,src\gui_at_sb.h
src\gui_at_sb.c,src\message.c
src\gui_at_sb.c,src\proto.h
src\gui_at_sb.c,src\vim.h
src\gui_at_sb.h,src\proto.h
src\gui_at_sb.h,src\vim.h
src\gui_athena.c,src\feature.h
src\gui_athena.c,src\gui.c
src\gui_athena.c,src\gui_at_sb.c
src\gui_athena.c,src\gui_at_sb.h
src\gui_athena.c,src\gui_x11.c
src\gui_athena.c,src\menu.c
src\gui_athena.c,src\misc2.c
src\gui_athena.c,src\proto.h
src\gui_athena.c,src\structs.h
src\gui_athena.c,src\ui.c
src\gui_athena.c,src\vim.h
src\gui_beval.c,src\vim.h
src\gui_gtk.c,src\ascii.h
src\gui_gtk.c,src\ex_cmds.h
src\gui_gtk.c,src\ex_docmd.c
src\gui_gtk.c,src\feature.h
src\gui_gtk.c,src\gui.c
src\gui_gtk.c,src\gui_gtk_f.c
src\gui_gtk.c,src\menu.c
src\gui_gtk.c,src\misc2.c
src\gui_gtk.c,src\option.h
src\gui_gtk.c,src\structs.h
src\gui_gtk.c,src\vim.h
src\gui_gtk_f.c,src\gui_gtk_f.h
src\gui_gtk_f.c,src\misc2.c
src\gui_gtk_f.c,src\proto.h
src\gui_gtk_f.c,src\vim.h
src\gui_gtk_x11.c,src\ascii.h
src\gui_gtk_x11.c,src\charset.c
src\gui_gtk_x11.c,src\feature.h
src\gui_gtk_x11.c,src\gui.c
src\gui_gtk_x11.c,src\gui_gtk_f.c
src\gui_gtk_x11.c,src\gui_gtk_f.h
src\gui_gtk_x11.c,src\keymap.h
src\gui_gtk_x11.c,src\memline.c
src\gui_gtk_x11.c,src\menu.c
src\gui_gtk_x11.c,src\message.c
src\gui_gtk_x11.c,src\misc1.c
src\gui_gtk_x11.c,src\misc2.c
src\gui_gtk_x11.c,src\option.c
src\gui_gtk_x11.c,src\option.h
src\gui_gtk_x11.c,src\os_unix.c
src\gui_gtk_x11.c,src\proto.h
src\gui_gtk_x11.c,src\structs.h
src\gui_gtk_x11.c,src\term.c
src\gui_gtk_x11.c,src\ui.c
src\gui_gtk_x11.c,src\vim.h
src\gui_gtk_x11.c,src\window.c
src\gui_mac.c,src\ascii.h
src\gui_mac.c,src\buffer.c
src\gui_mac.c,src\charset.c
src\gui_mac.c,src\ex_docmd.c
src\gui_mac.c,src\feature.h
src\gui_mac.c,src\fileio.c
src\gui_mac.c,src\gui.c
src\gui_mac.c,src\keymap.h
src\gui_mac.c,src\macros.h
src\gui_mac.c,src\memline.c
src\gui_mac.c,src\menu.c
src\gui_mac.c,src\message.c
src\gui_mac.c,src\misc1.c
src\gui_mac.c,src\misc2.c
src\gui_mac.c,src\normal.c
src\gui_mac.c,src\os_amiga.c
src\gui_mac.c,src\os_unix.c
src\gui_mac.c,src\screen.c
src\gui_mac.c,src\structs.h
src\gui_mac.c,src\term.c
src\gui_mac.c,src\ui.c
src\gui_mac.c,src\vim.h
src\gui_motif.c,src\ascii.h
src\gui_motif.c,src\ex_cmds.h
src\gui_motif.c,src\feature.h
src\gui_motif.c,src\gui.c
src\gui_motif.c,src\gui_x11.c
src\gui_motif.c,src\gui_xmebw.h
src\gui_motif.c,src\menu.c
src\gui_motif.c,src\misc2.c
src\gui_motif.c,src\proto.h
src\gui_motif.c,src\structs.h
src\gui_motif.c,src\term.c
src\gui_motif.c,src\ui.c
src\gui_motif.c,src\undo.c
src\gui_motif.c,src\vim.h
src\gui_photon.c,src\ascii.h
src\gui_photon.c,src\charset.c
src\gui_photon.c,src\feature.h
src\gui_photon.c,src\gui.c
src\gui_photon.c,src\keymap.h
src\gui_photon.c,src\macros.h
src\gui_photon.c,src\menu.c
src\gui_photon.c,src\message.c
src\gui_photon.c,src\misc1.c
src\gui_photon.c,src\misc2.c
src\gui_photon.c,src\option.h
src\gui_photon.c,src\os_unix.c
src\gui_photon.c,src\structs.h
src\gui_photon.c,src\ui.c
src\gui_photon.c,src\vim.h
src\gui_riscos.c,src\ascii.h
src\gui_riscos.c,src\ex_cmds2.c
src\gui_riscos.c,src\feature.h
src\gui_riscos.c,src\getchar.c
src\gui_riscos.c,src\globals.h
src\gui_riscos.c,src\gui.c
src\gui_riscos.c,src\keymap.h
src\gui_riscos.c,src\main.c
src\gui_riscos.c,src\menu.c
src\gui_riscos.c,src\message.c
src\gui_riscos.c,src\misc2.c
src\gui_riscos.c,src\os_unix.c
src\gui_riscos.c,src\screen.c
src\gui_riscos.c,src\structs.h
src\gui_riscos.c,src\term.c
src\gui_riscos.c,src\term.h
src\gui_riscos.c,src\vim.h
src\gui_w16.c,src\feature.h
src\gui_w16.c,src\gui.c
src\gui_w16.c,src\gui_w48.c
src\gui_w16.c,src\guiw16rc.h
src\gui_w16.c,src\menu.c
src\gui_w16.c,src\message.c
src\gui_w16.c,src\misc2.c
src\gui_w16.c,src\screen.c
src\gui_w16.c,src\structs.h
src\gui_w16.c,src\term.c
src\gui_w16.c,src\vim.h
src\gui_w32.c,src\feature.h
src\gui_w32.c,src\gui.c
src\gui_w32.c,src\gui_motif.c
src\gui_w32.c,src\gui_w48.c
src\gui_w32.c,src\menu.c
src\gui_w32.c,src\message.c
src\gui_w32.c,src\misc2.c
src\gui_w32.c,src\os_amiga.c
src\gui_w32.c,src\screen.c
src\gui_w32.c,src\structs.h
src\gui_w32.c,src\term.c
src\gui_w32.c,src\vim.h
src\gui_w48.c,src\ascii.h
src\gui_w48.c,src\ex_cmds.h
src\gui_w48.c,src\feature.h
src\gui_w48.c,src\getchar.c
src\gui_w48.c,src\globals.h
src\gui_w48.c,src\gui.c
src\gui_w48.c,src\gui_photon.c
src\gui_w48.c,src\gui_w32.c
src\gui_w48.c,src\keymap.h
src\gui_w48.c,src\macros.h
src\gui_w48.c,src\message.c
src\gui_w48.c,src\misc1.c
src\gui_w48.c,src\misc2.c
src\gui_w48.c,src\normal.c
src\gui_w48.c,src\os_unix.c
src\gui_w48.c,src\structs.h
src\gui_w48.c,src\term.c
src\gui_w48.c,src\ui.c
src\gui_w48.c,src\version.h
src\gui_w48.c,src\vim.h
src\gui_x11.c,src\ascii.h
src\gui_x11.c,src\feature.h
src\gui_x11.c,src\gui.c
src\gui_x11.c,src\keymap.h
src\gui_x11.c,src\memline.c
src\gui_x11.c,src\message.c
src\gui_x11.c,src\misc2.c
src\gui_x11.c,src\option.c
src\gui_x11.c,src\option.h
src\gui_x11.c,src\os_unix.c
src\gui_x11.c,src\proto.h
src\gui_x11.c,src\structs.h
src\gui_x11.c,src\term.c
src\gui_x11.c,src\ui.c
src\gui_x11.c,src\vim.h
src\gui_xmdlg.c,src\ascii.h
src\gui_xmdlg.c,src\feature.h
src\gui_xmdlg.c,src\gui_motif.c
src\gui_xmdlg.c,src\gui_x11.c
src\gui_xmdlg.c,src\message.c
src\gui_xmdlg.c,src\proto.h
src\gui_xmdlg.c,src\vim.h
src\gui_xmebw.c,src\vim.h
src\gui_xmebw.h,src\gui_xmebwp.h
src\gui_xmebw.h,src\proto.h
src\gui_xmebwp.h,src\gui_xmebw.h
src\hangulin.c,src\ascii.h
src\hangulin.c,src\gui.c
src\hangulin.c,src\message.c
src\hangulin.c,src\misc1.c
src\hangulin.c,src\screen.c
src\hangulin.c,src\term.c
src\hangulin.c,src\vim.h
src\hardcopy.c,src\ascii.h
src\hardcopy.c,src\buffer.c
src\hardcopy.c,src\charset.c
src\hardcopy.c,src\eval.c
src\hardcopy.c,src\ex_cmds.h
src\hardcopy.c,src\ex_cmds2.c
src\hardcopy.c,src\ex_docmd.c
src\hardcopy.c,src\feature.h
src\hardcopy.c,src\fileio.c
src\hardcopy.c,src\globals.h
src\hardcopy.c,src\macros.h
src\hardcopy.c,src\mbyte.c
src\hardcopy.c,src\memline.c
src\hardcopy.c,src\message.c
src\hardcopy.c,src\misc1.c
src\hardcopy.c,src\misc2.c
src\hardcopy.c,src\option.c
src\hardcopy.c,src\os_unix.c
src\hardcopy.c,src\screen.c
src\hardcopy.c,src\structs.h
src\hardcopy.c,src\syntax.c
src\hardcopy.c,src\term.c
src\hardcopy.c,src\ui.c
src\hardcopy.c,src\version.h
src\hardcopy.c,src\vim.h
src\hashtab.c,src\ascii.h
src\hashtab.c,src\feature.h
src\hashtab.c,src\message.c
src\hashtab.c,src\misc2.c
src\hashtab.c,src\structs.h
src\hashtab.c,src\vim.h
src\if_cscope.c,src\vim.h
src\if_lua.c,src\vim.h
src\if_mzsch.c,src\if_mzsch.h
src\if_mzsch.c,src\vim.h
src\if_perlsfio.c,src\vim.h
src\if_py_both.h,src\eval.c
src\if_py_both.h,src\ex_docmd.c
src\if_py_both.h,src\feature.h
src\if_py_both.h,src\globals.h
src\if_py_both.h,src\if_python.c
src\if_py_both.h,src\mark.c
src\if_py_both.h,src\memline.c
src\if_py_both.h,src\message.c
src\if_py_both.h,src\misc1.c
src\if_py_both.h,src\misc2.c
src\if_py_both.h,src\move.c
src\if_py_both.h,src\os_unix.c
src\if_py_both.h,src\screen.c
src\if_py_both.h,src\structs.h
src\if_py_both.h,src\undo.c
src\if_py_both.h,src\vim.h
src\if_py_both.h,src\window.c
src\if_python.c,src\ex_cmds.h
src\if_python.c,src\ex_getln.c
src\if_python.c,src\feature.h
src\if_python.c,src\if_py_both.h
src\if_python.c,src\mark.c
src\if_python.c,src\memline.c
src\if_python.c,src\message.c
src\if_python.c,src\misc1.c
src\if_python.c,src\misc2.c
src\if_python.c,src\structs.h
src\if_python.c,src\undo.c
src\if_python.c,src\vim.h
src\if_python3.c,src\ex_cmds.h
src\if_python3.c,src\ex_getln.c
src\if_python3.c,src\feature.h
src\if_python3.c,src\if_py_both.h
src\if_python3.c,src\message.c
src\if_python3.c,src\misc2.c
src\if_python3.c,src\structs.h
src\if_python3.c,src\vim.h
src\if_ruby.c,src\eval.c
src\if_ruby.c,src\ex_cmds.h
src\if_ruby.c,src\ex_docmd.c
src\if_ruby.c,src\ex_getln.c
src\if_ruby.c,src\feature.h
src\if_ruby.c,src\fileio.c
src\if_ruby.c,src\memline.c
src\if_ruby.c,src\message.c
src\if_ruby.c,src\misc1.c
src\if_ruby.c,src\misc2.c
src\if_ruby.c,src\option.c
src\if_ruby.c,src\screen.c
src\if_ruby.c,src\structs.h
src\if_ruby.c,src\undo.c
src\if_ruby.c,src\version.h
src\if_ruby.c,src\vim.h
src\if_ruby.c,src\window.c
src\if_sniff.c,src\ascii.h
src\if_sniff.c,src\charset.c
src\if_sniff.c,src\ex_cmds.c
src\if_sniff.c,src\ex_cmds.h
src\if_sniff.c,src\ex_docmd.c
src\if_sniff.c,src\mark.c
src\if_sniff.c,src\memline.c
src\if_sniff.c,src\message.c
src\if_sniff.c,src\misc2.c
src\if_sniff.c,src\normal.c
src\if_sniff.c,src\option.h
src\if_sniff.c,src\os_unixx.h
src\if_sniff.c,src\structs.h
src\if_sniff.c,src\vim.h
src\if_tcl.c,src\buffer.c
src\if_tcl.c,src\eval.c
src\if_tcl.c,src\ex_cmds.h
src\if_tcl.c,src\ex_docmd.c
src\if_tcl.c,src\ex_getln.c
src\if_tcl.c,src\feature.h
src\if_tcl.c,src\globals.h
src\if_tcl.c,src\mark.c
src\if_tcl.c,src\memline.c
src\if_tcl.c,src\message.c
src\if_tcl.c,src\misc1.c
src\if_tcl.c,src\misc2.c
src\if_tcl.c,src\option.c
src\if_tcl.c,src\os_unix.c
src\if_tcl.c,src\screen.c
src\if_tcl.c,src\structs.h
src\if_tcl.c,src\undo.c
src\if_tcl.c,src\vim.h
src\if_tcl.c,src\window.c
src\if_xcmdsrv.c,src\version.h
src\if_xcmdsrv.c,src\vim.h
src\integration.c,src\integration.h
src\integration.c,src\message.c
src\integration.c,src\proto.h
src\integration.c,src\vim.h
src\integration.c,src\workshop.c
src\integration.h,src\proto.h
src\keymap.h,src\ascii.h
src\macros.h,src\ascii.h
src\macros.h,src\feature.h
src\main.c,src\ascii.h
src\main.c,src\blowfish.c
src\main.c,src\buffer.c
src\main.c,src\charset.c
src\main.c,src\diff.c
src\main.c,src\eval.c
src\main.c,src\ex_cmds.c
src\main.c,src\ex_cmds2.c
src\main.c,src\ex_docmd.c
src\main.c,src\feature.h
src\main.c,src\fileio.c
src\main.c,src\fold.c
src\main.c,src\getchar.c
src\main.c,src\globals.h
src\main.c,src\hashtab.c
src\main.c,src\keymap.h
src\main.c,src\macros.h
src\main.c,src\mark.c
src\main.c,src\memline.c
src\main.c,src\message.c
src\main.c,src\misc1.c
src\main.c,src\misc2.c
src\main.c,src\move.c
src\main.c,src\normal.c
src\main.c,src\ops.c
src\main.c,src\option.c
src\main.c,src\option.h
src\main.c,src\os_amiga.c
src\main.c,src\os_unix.c
src\main.c,src\quickfix.c
src\main.c,src\screen.c
src\main.c,src\structs.h
src\main.c,src\syntax.c
src\main.c,src\term.c
src\main.c,src\term.h
src\main.c,src\ui.c
src\main.c,src\version.c
src\main.c,src\vim.h
src\main.c,src\window.c
src\mark.c,src\ascii.h
src\mark.c,src\buffer.c
src\mark.c,src\charset.c
src\mark.c,src\diff.c
src\mark.c,src\eval.c
src\mark.c,src\ex_cmds.c
src\mark.c,src\ex_cmds.h
src\mark.c,src\feature.h
src\mark.c,src\fileio.c
src\mark.c,src\fold.c
src\mark.c,src\globals.h
src\mark.c,src\macros.h
src\mark.c,src\memline.c
src\mark.c,src\message.c
src\mark.c,src\misc1.c
src\mark.c,src\misc2.c
src\mark.c,src\option.c
src\mark.c,src\os_amiga.c
src\mark.c,src\os_unix.c
src\mark.c,src\quickfix.c
src\mark.c,src\search.c
src\mark.c,src\structs.h
src\mark.c,src\term.c
src\mark.c,src\ui.c
src\mark.c,src\vim.h
src\mbyte.c,src\ascii.h
src\mbyte.c,src\feature.h
src\mbyte.c,src\globals.h
src\mbyte.c,src\macros.h
src\mbyte.c,src\misc2.c
src\mbyte.c,src\vim.h
src\memfile.c,src\ascii.h
src\memfile.c,src\feature.h
src\memfile.c,src\macros.h
src\memfile.c,src\memline.c
src\memfile.c,src\message.c
src\memfile.c,src\misc1.c
src\memfile.c,src\misc2.c
src\memfile.c,src\os_amiga.c
src\memfile.c,src\os_riscos.c
src\memfile.c,src\os_unix.c
src\memfile.c,src\structs.h
src\memfile.c,src\ui.c
src\memfile.c,src\vim.h
src\memline.c,src\ascii.h
src\memline.c,src\blowfish.c
src\memline.c,src\buffer.c
src\memline.c,src\eval.c
src\memline.c,src\feature.h
src\memline.c,src\fileio.c
src\memline.c,src\globals.h
src\memline.c,src\macros.h
src\memline.c,src\main.c
src\memline.c,src\mark.c
src\memline.c,src\memfile.c
src\memline.c,src\message.c
src\memline.c,src\misc1.c
src\memline.c,src\misc2.c
src\memline.c,src\option.c
src\memline.c,src\option.h
src\memline.c,src\os_amiga.c
src\memline.c,src\os_riscos.c
src\memline.c,src\os_unix.c
src\memline.c,src\screen.c
src\memline.c,src\sha256.c
src\memline.c,src\structs.h
src\memline.c,src\term.c
src\memline.c,src\ui.c
src\memline.c,src\undo.c
src\memline.c,src\version.c
src\memline.c,src\vim.h
src\menu.c,src\ascii.h
src\menu.c,src\charset.c
src\menu.c,src\eval.c
src\menu.c,src\ex_cmds.h
src\menu.c,src\ex_docmd.c
src\menu.c,src\feature.h
src\menu.c,src\getchar.c
src\menu.c,src\macros.h
src\menu.c,src\message.c
src\menu.c,src\misc1.c
src\menu.c,src\misc2.c
src\menu.c,src\os_unix.c
src\menu.c,src\structs.h
src\menu.c,src\term.c
src\menu.c,src\vim.h
src\message.c,src\ascii.h
src\message.c,src\charset.c
src\message.c,src\eval.c
src\message.c,src\ex_eval.c
src\message.c,src\feature.h
src\message.c,src\getchar.c
src\message.c,src\keymap.h
src\message.c,src\macros.h
src\message.c,src\misc1.c
src\message.c,src\misc2.c
src\message.c,src\ops.c
src\message.c,src\option.c
src\message.c,src\option.h
src\message.c,src\os_amiga.c
src\message.c,src\os_unix.c
src\message.c,src\screen.c
src\message.c,src\structs.h
src\message.c,src\term.c
src\message.c,src\term.h
src\message.c,src\ui.c
src\message.c,src\vim.h
src\misc1.c,src\ascii.h
src\misc1.c,src\charset.c
src\misc1.c,src\diff.c
src\misc1.c,src\edit.c
src\misc1.c,src\eval.c
src\misc1.c,src\ex_cmds.c
src\misc1.c,src\ex_docmd.c
src\misc1.c,src\ex_getln.c
src\misc1.c,src\feature.h
src\misc1.c,src\fileio.c
src\misc1.c,src\fold.c
src\misc1.c,src\getchar.c
src\misc1.c,src\globals.h
src\misc1.c,src\keymap.h
src\misc1.c,src\macros.h
src\misc1.c,src\main.c
src\misc1.c,src\mark.c
src\misc1.c,src\memline.c
src\misc1.c,src\message.c
src\misc1.c,src\misc2.c
src\misc1.c,src\move.c
src\misc1.c,src\option.c
src\misc1.c,src\option.h
src\misc1.c,src\os_amiga.c
src\misc1.c,src\os_riscos.c
src\misc1.c,src\os_unix.c
src\misc1.c,src\quickfix.c
src\misc1.c,src\regexp.c
src\misc1.c,src\regexp.h
src\misc1.c,src\screen.c
src\misc1.c,src\search.c
src\misc1.c,src\structs.h
src\misc1.c,src\tag.c
src\misc1.c,src\term.c
src\misc1.c,src\term.h
src\misc1.c,src\ui.c
src\misc1.c,src\undo.c
src\misc1.c,src\version.h
src\misc1.c,src\vim.h
src\misc1.c,src\window.c
src\misc2.c,src\ascii.h
src\misc2.c,src\blowfish.c
src\misc2.c,src\charset.c
src\misc2.c,src\dosinst.h
src\misc2.c,src\edit.c
src\misc2.c,src\eval.c
src\misc2.c,src\ex_cmds.h
src\misc2.c,src\ex_docmd.c
src\misc2.c,src\ex_getln.c
src\misc2.c,src\feature.h
src\misc2.c,src\fileio.c
src\misc2.c,src\fold.c
src\misc2.c,src\keymap.h
src\misc2.c,src\macros.h
src\misc2.c,src\memfile.c
src\misc2.c,src\memline.c
src\misc2.c,src\message.c
src\misc2.c,src\misc1.c
src\misc2.c,src\move.c
src\misc2.c,src\option.c
src\misc2.c,src\option.h
src\misc2.c,src\os_amiga.c
src\misc2.c,src\os_unix.c
src\misc2.c,src\os_win32.c
src\misc2.c,src\screen.c
src\misc2.c,src\structs.h
src\misc2.c,src\tag.c
src\misc2.c,src\term.c
src\misc2.c,src\ui.c
src\misc2.c,src\vim.h
src\misc2.c,src\window.c
src\move.c,src\ascii.h
src\move.c,src\charset.c
src\move.c,src\diff.c
src\move.c,src\edit.c
src\move.c,src\feature.h
src\move.c,src\fold.c
src\move.c,src\macros.h
src\move.c,src\memline.c
src\move.c,src\misc1.c
src\move.c,src\misc2.c
src\move.c,src\option.h
src\move.c,src\popupmnu.c
src\move.c,src\screen.c
src\move.c,src\structs.h
src\move.c,src\vim.h
src\netbeans.c,src\vim.h
src\normal.c,src\ascii.h
src\normal.c,src\buffer.c
src\normal.c,src\charset.c
src\normal.c,src\diff.c
src\normal.c,src\digraph.c
src\normal.c,src\edit.c
src\normal.c,src\eval.c
src\normal.c,src\ex_cmds.c
src\normal.c,src\ex_cmds2.c
src\normal.c,src\ex_docmd.c
src\normal.c,src\ex_getln.c
src\normal.c,src\feature.h
src\normal.c,src\fileio.c
src\normal.c,src\fold.c
src\normal.c,src\getchar.c
src\normal.c,src\globals.h
src\normal.c,src\keymap.h
src\normal.c,src\macros.h
src\normal.c,src\mark.c
src\normal.c,src\memline.c
src\normal.c,src\message.c
src\normal.c,src\misc1.c
src\normal.c,src\misc2.c
src\normal.c,src\move.c
src\normal.c,src\ops.c
src\normal.c,src\option.c
src\normal.c,src\option.h
src\normal.c,src\os_unix.c
src\normal.c,src\quickfix.c
src\normal.c,src\screen.c
src\normal.c,src\search.c
src\normal.c,src\spell.c
src\normal.c,src\structs.h
src\normal.c,src\syntax.c
src\normal.c,src\tag.c
src\normal.c,src\term.c
src\normal.c,src\ui.c
src\normal.c,src\undo.c
src\normal.c,src\vim.h
src\normal.c,src\window.c
src\ops.c,src\ascii.h
src\ops.c,src\buffer.c
src\ops.c,src\charset.c
src\ops.c,src\edit.c
src\ops.c,src\eval.c
src\ops.c,src\ex_cmds.c
src\ops.c,src\ex_cmds.h
src\ops.c,src\ex_cmds2.c
src\ops.c,src\ex_getln.c
src\ops.c,src\feature.h
src\ops.c,src\fold.c
src\ops.c,src\getchar.c
src\ops.c,src\globals.h
src\ops.c,src\keymap.h
src\ops.c,src\macros.h
src\ops.c,src\mark.c
src\ops.c,src\memline.c
src\ops.c,src\message.c
src\ops.c,src\misc1.c
src\ops.c,src\misc2.c
src\ops.c,src\move.c
src\ops.c,src\normal.c
src\ops.c,src\option.c
src\ops.c,src\option.h
src\ops.c,src\os_unix.c
src\ops.c,src\screen.c
src\ops.c,src\search.c
src\ops.c,src\structs.h
src\ops.c,src\term.c
src\ops.c,src\ui.c
src\ops.c,src\undo.c
src\ops.c,src\vim.h
src\ops.c,src\window.c
src\option.c,src\ascii.h
src\option.c,src\blowfish.c
src\option.c,src\buffer.c
src\option.c,src\charset.c
src\option.c,src\diff.c
src\option.c,src\eval.c
src\option.c,src\ex_cmds2.c
src\option.c,src\ex_docmd.c
src\option.c,src\ex_getln.c
src\option.c,src\feature.h
src\option.c,src\fileio.c
src\option.c,src\fold.c
src\option.c,src\getchar.c
src\option.c,src\globals.h
src\option.c,src\hardcopy.c
src\option.c,src\keymap.h
src\option.c,src\macros.h
src\option.c,src\mbyte.c
src\option.c,src\memfile.c
src\option.c,src\memline.c
src\option.c,src\message.c
src\option.c,src\misc1.c
src\option.c,src\misc2.c
src\option.c,src\move.c
src\option.c,src\normal.c
src\option.c,src\option.h
src\option.c,src\os_amiga.c
src\option.c,src\os_riscos.c
src\option.c,src\os_unix.c
src\option.c,src\regexp.c
src\option.c,src\regexp.h
src\option.c,src\screen.c
src\option.c,src\spell.c
src\option.c,src\structs.h
src\option.c,src\syntax.c
src\option.c,src\term.c
src\option.c,src\term.h
src\option.c,src\ui.c
src\option.c,src\undo.c
src\option.c,src\vim.h
src\option.c,src\window.c
src\option.h,src\feature.h
src\option.h,src\vim.h
src\os_amiga.c,src\ascii.h
src\os_amiga.c,src\buffer.c
src\os_amiga.c,src\feature.h
src\os_amiga.c,src\fileio.c
src\os_amiga.c,src\getchar.c
src\os_amiga.c,src\keymap.h
src\os_amiga.c,src\macros.h
src\os_amiga.c,src\memline.c
src\os_amiga.c,src\message.c
src\os_amiga.c,src\misc1.c
src\os_amiga.c,src\misc2.c
src\os_amiga.c,src\os_unix.c
src\os_amiga.c,src\structs.h
src\os_amiga.c,src\term.c
src\os_amiga.c,src\term.h
src\os_amiga.c,src\ui.c
src\os_amiga.c,src\vim.h
src\os_beos.c,src\vim.h
src\os_mac_conv.c,src\vim.h
src\os_msdos.c,src\ascii.h
src\os_msdos.c,src\charset.c
src\os_msdos.c,src\feature.h
src\os_msdos.c,src\fileio.c
src\os_msdos.c,src\getchar.c
src\os_msdos.c,src\keymap.h
src\os_msdos.c,src\macros.h
src\os_msdos.c,src\memline.c
src\os_msdos.c,src\message.c
src\os_msdos.c,src\misc1.c
src\os_msdos.c,src\misc2.c
src\os_msdos.c,src\os_unix.c
src\os_msdos.c,src\screen.c
src\os_msdos.c,src\structs.h
src\os_msdos.c,src\term.c
src\os_msdos.c,src\term.h
src\os_msdos.c,src\ui.c
src\os_msdos.c,src\vim.h
src\os_msdos.c,src\vimio.h
src\os_msdos.h,src\os_dos.h
src\os_mswin.c,src\ascii.h
src\os_mswin.c,src\feature.h
src\os_mswin.c,src\macros.h
src\os_mswin.c,src\message.c
src\os_mswin.c,src\misc2.c
src\os_mswin.c,src\os_win32.c
src\os_mswin.c,src\ui.c
src\os_mswin.c,src\vim.h
src\os_mswin.c,src\vimio.h
src\os_qnx.c,src\vim.h
src\os_riscos.c,src\ascii.h
src\os_riscos.c,src\buffer.c
src\os_riscos.c,src\feature.h
src\os_riscos.c,src\memline.c
src\os_riscos.c,src\message.c
src\os_riscos.c,src\misc1.c
src\os_riscos.c,src\misc2.c
src\os_riscos.c,src\option.c
src\os_riscos.c,src\os_unix.c
src\os_riscos.c,src\term.c
src\os_riscos.c,src\term.h
src\os_riscos.c,src\ui.c
src\os_riscos.c,src\vim.h
src\os_unix.c,src\ascii.h
src\os_unix.c,src\buffer.c
src\os_unix.c,src\charset.c
src\os_unix.c,src\eval.c
src\os_unix.c,src\ex_cmds.c
src\os_unix.c,src\feature.h
src\os_unix.c,src\fileio.c
src\os_unix.c,src\getchar.c
src\os_unix.c,src\globals.h
src\os_unix.c,src\keymap.h
src\os_unix.c,src\macros.h
src\os_unix.c,src\main.c
src\os_unix.c,src\memline.c
src\os_unix.c,src\message.c
src\os_unix.c,src\misc1.c
src\os_unix.c,src\misc2.c
src\os_unix.c,src\option.h
src\os_unix.c,src\os_riscos.c
src\os_unix.c,src\os_unixx.h
src\os_unix.c,src\os_win32.c
src\os_unix.c,src\screen.c
src\os_unix.c,src\structs.h
src\os_unix.c,src\syntax.c
src\os_unix.c,src\term.c
src\os_unix.c,src\term.h
src\os_unix.c,src\ui.c
src\os_unix.c,src\vim.h
src\os_vms.c,src\macros.h
src\os_vms.c,src\misc1.c
src\os_vms.c,src\misc2.c
src\os_vms.c,src\os_amiga.c
src\os_vms.c,src\screen.c
src\os_vms.c,src\term.c
src\os_vms.c,src\term.h
src\os_vms.c,src\vim.h
src\os_vms_mms.c,src\message.c
src\os_vms_mms.c,src\vim.h
src\os_w32exe.c,src\gui_w48.c
src\os_w32exe.c,src\os_vms_mms.c
src\os_w32exe.c,src\vim.h
src\os_win16.c,src\ascii.h
src\os_win16.c,src\buffer.c
src\os_win16.c,src\feature.h
src\os_win16.c,src\gui_w48.c
src\os_win16.c,src\message.c
src\os_win16.c,src\misc1.c
src\os_win16.c,src\misc2.c
src\os_win16.c,src\option.c
src\os_win16.c,src\term.c
src\os_win16.c,src\term.h
src\os_win16.c,src\vim.h
src\os_win16.c,src\vimio.h
src\os_win16.h,src\os_dos.h
src\os_win32.c,src\ascii.h
src\os_win32.c,src\buffer.c
src\os_win32.c,src\charset.c
src\os_win32.c,src\feature.h
src\os_win32.c,src\fileio.c
src\os_win32.c,src\getchar.c
src\os_win32.c,src\keymap.h
src\os_win32.c,src\macros.h
src\os_win32.c,src\memline.c
src\os_win32.c,src\message.c
src\os_win32.c,src\misc1.c
src\os_win32.c,src\misc2.c
src\os_win32.c,src\os_amiga.c
src\os_win32.c,src\os_unix.c
src\os_win32.c,src\screen.c
src\os_win32.c,src\structs.h
src\os_win32.c,src\term.c
src\os_win32.c,src\term.h
src\os_win32.c,src\ui.c
src\os_win32.c,src\vim.h
src\os_win32.c,src\vimio.h
src\os_win32.h,src\os_dos.h
src\popupmnu.c,src\ascii.h
src\popupmnu.c,src\charset.c
src\popupmnu.c,src\ex_cmds.c
src\popupmnu.c,src\feature.h
src\popupmnu.c,src\macros.h
src\popupmnu.c,src\memline.c
src\popupmnu.c,src\misc2.c
src\popupmnu.c,src\move.c
src\popupmnu.c,src\option.c
src\popupmnu.c,src\screen.c
src\popupmnu.c,src\structs.h
src\popupmnu.c,src\vim.h
src\popupmnu.c,src\window.c
src\proto.h,src\feature.h
src\proto.h,src\vim.h
src\pty.c,src\macros.h
src\pty.c,src\os_win32.c
src\pty.c,src\vim.h
src\quickfix.c,src\ascii.h
src\quickfix.c,src\buffer.c
src\quickfix.c,src\charset.c
src\quickfix.c,src\edit.c
src\quickfix.c,src\eval.c
src\quickfix.c,src\ex_cmds.c
src\quickfix.c,src\ex_cmds.h
src\quickfix.c,src\ex_cmds2.c
src\quickfix.c,src\ex_docmd.c
src\quickfix.c,src\ex_eval.c
src\quickfix.c,src\ex_getln.c
src\quickfix.c,src\feature.h
src\quickfix.c,src\fileio.c
src\quickfix.c,src\fold.c
src\quickfix.c,src\globals.h
src\quickfix.c,src\macros.h
src\quickfix.c,src\mark.c
src\quickfix.c,src\memline.c
src\quickfix.c,src\message.c
src\quickfix.c,src\misc1.c
src\quickfix.c,src\misc2.c
src\quickfix.c,src\move.c
src\quickfix.c,src\normal.c
src\quickfix.c,src\option.c
src\quickfix.c,src\option.h
src\quickfix.c,src\os_amiga.c
src\quickfix.c,src\os_riscos.c
src\quickfix.c,src\os_unix.c
src\quickfix.c,src\regexp.c
src\quickfix.c,src\regexp.h
src\quickfix.c,src\screen.c
src\quickfix.c,src\search.c
src\quickfix.c,src\structs.h
src\quickfix.c,src\term.c
src\quickfix.c,src\ui.c
src\quickfix.c,src\vim.h
src\quickfix.c,src\window.c
src\regexp.c,src\ascii.h
src\regexp.c,src\charset.c
src\regexp.c,src\eval.c
src\regexp.c,src\feature.h
src\regexp.c,src\keymap.h
src\regexp.c,src\macros.h
src\regexp.c,src\mark.c
src\regexp.c,src\memline.c
src\regexp.c,src\message.c
src\regexp.c,src\misc1.c
src\regexp.c,src\misc2.c
src\regexp.c,src\option.h
src\regexp.c,src\os_unix.c
src\regexp.c,src\regexp.h
src\regexp.c,src\structs.h
src\regexp.c,src\vim.h
src\screen.c,src\ascii.h
src\screen.c,src\buffer.c
src\screen.c,src\charset.c
src\screen.c,src\diff.c
src\screen.c,src\eval.c
src\screen.c,src\ex_getln.c
src\screen.c,src\feature.h
src\screen.c,src\fileio.c
src\screen.c,src\fold.c
src\screen.c,src\getchar.c
src\screen.c,src\globals.h
src\screen.c,src\macros.h
src\screen.c,src\memline.c
src\screen.c,src\menu.c
src\screen.c,src\message.c
src\screen.c,src\misc1.c
src\screen.c,src\misc2.c
src\screen.c,src\move.c
src\screen.c,src\normal.c
src\screen.c,src\option.c
src\screen.c,src\option.h
src\screen.c,src\os_unix.c
src\screen.c,src\popupmnu.c
src\screen.c,src\quickfix.c
src\screen.c,src\regexp.c
src\screen.c,src\regexp.h
src\screen.c,src\search.c
src\screen.c,src\spell.c
src\screen.c,src\structs.h
src\screen.c,src\syntax.c
src\screen.c,src\term.c
src\screen.c,src\term.h
src\screen.c,src\ui.c
src\screen.c,src\undo.c
src\screen.c,src\version.c
src\screen.c,src\vim.h
src\screen.c,src\window.c
src\search.c,src\ascii.h
src\search.c,src\charset.c
src\search.c,src\edit.c
src\search.c,src\eval.c
src\search.c,src\ex_cmds.c
src\search.c,src\ex_getln.c
src\search.c,src\feature.h
src\search.c,src\fileio.c
src\search.c,src\fold.c
src\search.c,src\getchar.c
src\search.c,src\globals.h
src\search.c,src\macros.h
src\search.c,src\mark.c
src\search.c,src\memline.c
src\search.c,src\message.c
src\search.c,src\misc1.c
src\search.c,src\misc2.c
src\search.c,src\move.c
src\search.c,src\option.c
src\search.c,src\option.h
src\search.c,src\os_unix.c
src\search.c,src\regexp.c
src\search.c,src\regexp.h
src\search.c,src\screen.c
src\search.c,src\structs.h
src\search.c,src\term.c
src\search.c,src\ui.c
src\search.c,src\vim.h
src\search.c,src\window.c
src\sha256.c,src\ascii.h
src\sha256.c,src\feature.h
src\sha256.c,src\misc2.c
src\sha256.c,src\structs.h
src\sha256.c,src\vim.h
src\spell.c,src\ascii.h
src\spell.c,src\buffer.c
src\spell.c,src\charset.c
src\spell.c,src\edit.c
src\spell.c,src\eval.c
src\spell.c,src\ex_cmds.c
src\spell.c,src\ex_cmds.h
src\spell.c,src\ex_cmds2.c
src\spell.c,src\ex_docmd.c
src\spell.c,src\feature.h
src\spell.c,src\fileio.c
src\spell.c,src\getchar.c
src\spell.c,src\hashtab.c
src\spell.c,src\macros.h
src\spell.c,src\memline.c
src\spell.c,src\message.c
src\spell.c,src\misc1.c
src\spell.c,src\misc2.c
src\spell.c,src\normal.c
src\spell.c,src\option.c
src\spell.c,src\option.h
src\spell.c,src\os_amiga.c
src\spell.c,src\os_unix.c
src\spell.c,src\regexp.c
src\spell.c,src\regexp.h
src\spell.c,src\screen.c
src\spell.c,src\search.c
src\spell.c,src\structs.h
src\spell.c,src\syntax.c
src\spell.c,src\term.c
src\spell.c,src\ui.c
src\spell.c,src\undo.c
src\spell.c,src\vim.h
src\structs.h,src\feature.h
src\structs.h,src\quickfix.c
src\structs.h,src\regexp.h
src\structs.h,src\vim.h
src\syntax.c,src\ascii.h
src\syntax.c,src\charset.c
src\syntax.c,src\eval.c
src\syntax.c,src\ex_cmds.h
src\syntax.c,src\ex_cmds2.c
src\syntax.c,src\ex_docmd.c
src\syntax.c,src\feature.h
src\syntax.c,src\fileio.c
src\syntax.c,src\fold.c
src\syntax.c,src\globals.h
src\syntax.c,src\hashtab.c
src\syntax.c,src\macros.h
src\syntax.c,src\memline.c
src\syntax.c,src\message.c
src\syntax.c,src\misc1.c
src\syntax.c,src\misc2.c
src\syntax.c,src\option.c
src\syntax.c,src\os_amiga.c
src\syntax.c,src\os_unix.c
src\syntax.c,src\regexp.c
src\syntax.c,src\regexp.h
src\syntax.c,src\screen.c
src\syntax.c,src\structs.h
src\syntax.c,src\term.c
src\syntax.c,src\term.h
src\syntax.c,src\ui.c
src\syntax.c,src\vim.h
src\tag.c,src\ascii.h
src\tag.c,src\buffer.c
src\tag.c,src\charset.c
src\tag.c,src\edit.c
src\tag.c,src\eval.c
src\tag.c,src\ex_cmds.c
src\tag.c,src\ex_cmds2.c
src\tag.c,src\ex_docmd.c
src\tag.c,src\ex_getln.c
src\tag.c,src\feature.h
src\tag.c,src\fileio.c
src\tag.c,src\fold.c
src\tag.c,src\globals.h
src\tag.c,src\macros.h
src\tag.c,src\mark.c
src\tag.c,src\message.c
src\tag.c,src\misc1.c
src\tag.c,src\misc2.c
src\tag.c,src\move.c
src\tag.c,src\option.c
src\tag.c,src\option.h
src\tag.c,src\os_amiga.c
src\tag.c,src\os_unix.c
src\tag.c,src\quickfix.c
src\tag.c,src\regexp.c
src\tag.c,src\regexp.h
src\tag.c,src\screen.c
src\tag.c,src\search.c
src\tag.c,src\structs.h
src\tag.c,src\term.c
src\tag.c,src\ui.c
src\tag.c,src\vim.h
src\tag.c,src\window.c
src\term.c,src\ascii.h
src\term.c,src\buffer.c
src\term.c,src\charset.c
src\term.c,src\edit.c
src\term.c,src\eval.c
src\term.c,src\ex_getln.c
src\term.c,src\feature.h
src\term.c,src\fileio.c
src\term.c,src\getchar.c
src\term.c,src\keymap.h
src\term.c,src\macros.h
src\term.c,src\message.c
src\term.c,src\misc2.c
src\term.c,src\move.c
src\term.c,src\normal.c
src\term.c,src\option.c
src\term.c,src\option.h
src\term.c,src\os_amiga.c
src\term.c,src\os_riscos.c
src\term.c,src\os_unix.c
src\term.c,src\popupmnu.c
src\term.c,src\screen.c
src\term.c,src\structs.h
src\term.c,src\term.h
src\term.c,src\ui.c
src\term.c,src\vim.h
src\term.c,src\window.c
src\term.h,src\feature.h
src\termlib.c,src\ascii.h
src\termlib.c,src\macros.h
src\termlib.c,src\os_amiga.c
src\termlib.c,src\vim.h
src\ui.c,src\ascii.h
src\ui.c,src\diff.c
src\ui.c,src\ex_cmds.c
src\ui.c,src\feature.h
src\ui.c,src\fold.c
src\ui.c,src\main.c
src\ui.c,src\message.c
src\ui.c,src\misc1.c
src\ui.c,src\misc2.c
src\ui.c,src\move.c
src\ui.c,src\normal.c
src\ui.c,src\option.c
src\ui.c,src\os_amiga.c
src\ui.c,src\screen.c
src\ui.c,src\structs.h
src\ui.c,src\term.c
src\ui.c,src\vim.h
src\ui.c,src\window.c
src\undo.c,src\ascii.h
src\undo.c,src\edit.c
src\undo.c,src\eval.c
src\undo.c,src\feature.h
src\undo.c,src\fileio.c
src\undo.c,src\fold.c
src\undo.c,src\globals.h
src\undo.c,src\macros.h
src\undo.c,src\mark.c
src\undo.c,src\memline.c
src\undo.c,src\message.c
src\undo.c,src\misc1.c
src\undo.c,src\misc2.c
src\undo.c,src\option.c
src\undo.c,src\option.h
src\undo.c,src\os_amiga.c
src\undo.c,src\os_riscos.c
src\undo.c,src\os_unix.c
src\undo.c,src\quickfix.c
src\undo.c,src\screen.c
src\undo.c,src\sha256.c
src\undo.c,src\structs.h
src\undo.c,src\vim.h
src\uninstal.c,src\dosinst.h
src\uninstal.c,src\version.h
src\version.c,src\ascii.h
src\version.c,src\charset.c
src\version.c,src\ex_cmds.h
src\version.c,src\feature.h
src\version.c,src\message.c
src\version.c,src\os_unix.c
src\version.c,src\screen.c
src\version.c,src\structs.h
src\version.c,src\version.h
src\version.c,src\vim.h
src\vim.h,src\ascii.h
src\vim.h,src\ex_cmds.h
src\vim.h,src\feature.h
src\vim.h,src\globals.h
src\vim.h,src\keymap.h
src\vim.h,src\macros.h
src\vim.h,src\option.h
src\vim.h,src\proto.h
src\vim.h,src\structs.h
src\vim.h,src\term.c
src\vim.h,src\term.h
src\window.c,src\ascii.h
src\window.c,src\buffer.c
src\window.c,src\charset.c
src\window.c,src\diff.c
src\window.c,src\dosinst.h
src\window.c,src\edit.c
src\window.c,src\eval.c
src\window.c,src\ex_cmds.c
src\window.c,src\ex_cmds2.c
src\window.c,src\ex_docmd.c
src\window.c,src\ex_eval.c
src\window.c,src\ex_getln.c
src\window.c,src\feature.h
src\window.c,src\fileio.c
src\window.c,src\fold.c
src\window.c,src\getchar.c
src\window.c,src\globals.h
src\window.c,src\keymap.h
src\window.c,src\macros.h
src\window.c,src\mark.c
src\window.c,src\memline.c
src\window.c,src\message.c
src\window.c,src\misc1.c
src\window.c,src\misc2.c
src\window.c,src\move.c
src\window.c,src\normal.c
src\window.c,src\option.c
src\window.c,src\option.h
src\window.c,src\os_amiga.c
src\window.c,src\quickfix.c
src\window.c,src\regexp.c
src\window.c,src\regexp.h
src\window.c,src\screen.c
src\window.c,src\search.c
src\window.c,src\structs.h
src\window.c,src\syntax.c
src\window.c,src\term.c
src\window.c,src\undo.c
src\window.c,src\vim.h
src\workshop.c,src\ascii.h
src\workshop.c,src\buffer.c
src\workshop.c,src\ex_cmds.h
src\workshop.c,src\ex_docmd.c
src\workshop.c,src\feature.h
src\workshop.c,src\globals.h
src\workshop.c,src\gui_beval.h
src\workshop.c,src\gui_motif.c
src\workshop.c,src\gui_photon.c
src\workshop.c,src\gui_x11.c
src\workshop.c,src\integration.c
src\workshop.c,src\integration.h
src\workshop.c,src\macros.h
src\workshop.c,src\memline.c
src\workshop.c,src\menu.c
src\workshop.c,src\message.c
src\workshop.c,src\misc1.c
src\workshop.c,src\misc2.c
src\workshop.c,src\option.c
src\workshop.c,src\option.h
src\workshop.c,src\os_win32.c
src\workshop.c,src\proto.h
src\workshop.c,src\structs.h
src\workshop.c,src\term.c
src\workshop.c,src\version.c
src\workshop.c,src\version.h
src\workshop.c,src\vim.h
src\workshop.c,src\window.c
src\workshop.c,src\workshop.h
src\xpm_w32.c,src\xpm_w32.h
